name,set_num,year,num_parts
{Basic Promotional Set},1767-1,1995,6
{Basic Promotional Set},1756-1,1995,8
{Basic Promotional Set},1768-1,1995,9
{Basic Promotional Set},1758-1,1995,7
{Basic Promotional Set},1828-1,1995,7
{Basic Promotional Set},2842-1,1997,8
{Power Miners Promotional Polybag},4559385-1,2009,4
{Power Miners Promotional Polybag},4559387-1,2009,4
1 x 1 Bricks,1221-2,1955,160
1 x 1 Bricks,222-2,1958,240
1 x 1 Round Bricks,1222-2,1955,200
1 x 1 Round Bricks,223-2,1958,160
1 x 2 Bricks,1220-2,1955,104
1 x 2 Bricks,221-2,1958,156
1 x 2 Bricks,421-1,1966,176
1 x 6 and 1 x 8 Bricks,1224A-1,1955,36
1 x 6 and 1 x 8 Bricks,225-1,1958,54
2 x 2 & 2 x 4 Curved Bricks,1223-2,1955,14
2 x 2 & 2 x 4 Curved Bricks,224-1,1956,14
2 x 2 Bricks,1219-2,1955,80
2 x 2 Bricks,220-1,1958,120
2 x 2 Curved Bricks,1223-3,1957,100
2 x 2 Curved Bricks,224-3,1958,120
2 x 3 Bricks,1218-2,1955,60
2 x 3 Bricks,219-1,1958,90
2 x 4 Bricks,1217-2,1955,52
2 x 4 Bricks,218-2,1958,78
2-Stud Axles with Grooves (Pack of 100),970609-1,2002,100
2-Stud Axles with Grooves (Pack of 100),991336-1,2007,100
25th Anniversary Silver Bucket,3025-1,1998,601
25th Anniversary Silver Bucket,3027-1,1998,418
25th Anniversary Silver Tub,3028-1,1998,843
25th Anniversary Silver Tub,3026-1,1998,1201
35th Anniversary Bucket,3758-1,1998,600
35th Anniversary Bucket,3760-1,1998,417
35th Anniversary Tub,3761-1,1998,842
35th Anniversary Tub,3759-1,1998,1200
4 x 4 Corner Bricks,1216-2,1955,20
4 x 4 Corner Bricks,217-2,1958,30
4 x 8 & 2 x 8 Plates,1227-2,1956,5
4 x 8 & 2 x 8 Plates,228-1,1958,5
4 x 8 Curved & 2 x 8 Plates,1228-2,1956,5
4 x 8 Curved & 2 x 8 Plates,227-1,1958,5
4.5V Battery Case,101-3,1966,1
4.5V Battery Case,101-1,1969,1
4.5V Motor Set,102-1,1968,24
4.5V Motor Set,901-1,1976,31
4.5V Motor Set,107-1,1976,31
4.5v TECHNIC Motor,1175-1,1982,1
4.5v TECHNIC Motor,5101-1,1987,1
5 Danish Flags,1242D-1,1957,5
5 Danish Flags,242-2,1958,5
6 International Flags (The Building Toy),442B-1,1971,6
6 International Flags (The Building Toy),442A-1,1971,6
6 x 8 & 2 x 8 Plates,1226-2,1956,4
6 x 8 & 2 x 8 Plates,229-1,1958,4
8 Named Beams,1224-2,1955,8
8 Named Beams,226-1,1958,8
8 Road Signs,1240-2,1955,8
8 Road Signs,1241-2,1955,8
9V Battery Box,5038-1,1988,1
9V Battery Box,5115-1,1992,1
9V Battery Box,5293-1,1996,1
9V Battery Box,5391-1,1997,1
A-wing Fighter,7134-1,2000,125
A-wing Fighter,6207-1,2006,193
A-Wing Starfighter,30272-1,2015,58
A-Wing Starfighter,75175-1,2017,356
AAT,75029-1,2014,95
AAT,75080-1,2015,251
AAT,911611-1,2016,37
Accelerometer Sensor for Mindstorms NXT,MS1040-1,2007,0
Accelerometer Sensor for Mindstorms NXT,2852724-1,2011,0
Adventurers Car,2541-1,1998,24
Adventurers Car,3055-1,1998,21
Aero Pod,4348-1,2004,36
Aero Pod,4417-1,2006,60
Aeroplane,303-2,1964,46
Aeroplane,609-1,1972,28
Aeroplane,3625-1,1985,9
Aeroplane,3505-1,1999,23
Aeroplane,1281-1,2000,25
Aeroplane,1279-1,2000,21
Aeroplane,4019-1,2001,17
Aircraft,1774-1,1991,139
Aircraft,1769-1,1992,23
Aircraft,2708-1,2000,12
Aircraft,2155-1,2000,18
Aircraft,8434-1,2004,445
Aircraft,53850009-1,2016,37
Aircraft and Ground Crew,2532-1,1998,143
Aircraft and Ground Crew,2718-1,2001,143
Airplane,320-2,1965,120
Airplane,195-1,1975,89
Airplane,1546-1,1985,31
Airplane,7422-1,2003,33
Airplane,4038-1,2003,33
Airplane,7873-1,2007,38
Airport,3671-1,1984,55
Airport,6392-1,1985,539
Airport,5524-1,2005,606
Airport,7894-1,2006,704
Airport,3182-1,2010,704
Airport,10590-1,2015,29
Alpha-1 Rocket Base,920-2,1979,187
Alpha-1 Rocket Base,483-1,1979,187
Ambulance,600-1,1970,21
Ambulance,338-1,1970,74
Ambulance,373-2,1971,65
Ambulance,606-1,1978,25
Ambulance,6629-1,1981,39
Ambulance,6680-1,1981,63
Ambulance,6688-1,1985,72
Ambulance,6666-1,1994,78
Ambulance,7890-1,2006,117
Ambulance,4431-1,2012,198
Ambulance,10527-1,2014,14
Amusement Park,3681-1,1985,104
Amusement Park,3683-1,1988,91
Amusement Park,5525-1,2005,1339
Angel,1626-1,1989,33
Angel,10080-1,2003,33
Animals,4408-1,2004,202
Animals,9334-1,2010,1082
Antennas and Control Sticks,5127-1,1995,37
Antennas and Control Sticks,5386-1,1998,38
Antique Car,329-1,1967,111
Antique Car,196-1,1975,115
Aquazone Accessories,5160-1,1995,21
Aquazone Accessories,5382-1,1998,19
ARC-170 Starfighter,7259-1,2005,401
ARC-170 Starfighter,8088-1,2010,395
ARC-170 Starfighter,30247-1,2014,54
ARC-170 Starfighter,75072-1,2015,95
Arkham Asylum,7785-1,2006,868
Arkham Asylum,70912-1,2017,1621
Armada Flagship,6280-1,1996,292
Armada Flagship,6291-1,2001,291
Astronaut,2853944-1,2010,5
Astronaut,71011-2,2016,9
AT-AT,75054-1,2014,1136
AT-AT,75075-1,2015,88
AT-AT,911615-1,2016,48
AT-DP,75083-1,2015,498
AT-DP,30274-1,2015,65
AT-DP,75130-1,2016,76
AT-TE,4482-1,2003,650
AT-TE,75019-1,2013,792
Auto Chassis,853-1,1977,608
Auto Chassis,956-1,1978,603
Auto Engines,858-1,1980,242
Auto Engines,8858-2,1980,244
Auto Pod,4347-1,2004,40
Auto Pod,4415-1,2006,56
Axle Assortment,1233-1,1984,34
Axle Assortment,709-2,1984,36
Backhoe,6686-1,1984,88
Backhoe,6662-1,1992,87
Backhoe,7875-1,2007,39
Backhoe Loader,8455-1,2003,704
Backhoe Loader,8069-1,2011,608
"Baseplate, Gray",799-1,1964,1
"Baseplate, Gray",843-1,1980,1
"Baseplate, Gray",815-1,1986,1
"Baseplate, Green",745-1,1978,1
"Baseplate, Green",840-1,1980,1
"Baseplate, Green",813-1,1986,1
"Baseplate, Green",626-1,1996,1
"Baseplates, Green and Yellow",796-1,1971,2
"Baseplates, Green and Yellow",746-1,1978,2
"Baseplates, Green and Yellow",841-1,1980,2
"Baseplates, Red and Blue",795-1,1971,2
"Baseplates, Red and Blue",747-1,1978,2
"Baseplates, Red and Blue",842-1,1980,2
Basic Bricks,951178-1,1987,18
Basic Bricks,1715-2,1995,400
Basic Bricks,1857-1,1996,950
Basic Building Set,011-1,1968,145
Basic Building Set,066-1,1968,407
Basic Building Set,055-2,1968,256
Basic Building Set,044-1,1968,225
Basic Building Set,033-2,1968,177
Basic Building Set,022-1,1968,110
Basic Building Set,010-3,1968,77
Basic Building Set,1922-2,1983,60
Basic Building Set,350-2,1985,315
Basic Building Set,304-1,1985,31
Basic Building Set,550-1,1985,578
Basic Building Set,520-16,1985,173
Basic Building Set,510-1,1985,102
Basic Building Set,740-1,1985,530
Basic Building Set,530-1,1985,273
Basic Building Set,310-4,1985,46
Basic Building Set,730-2,1985,432
Basic Building Set,720-1,1985,339
Basic Building Set,508-1,1985,66
Basic Building Set,1962-1,1985,219
Basic Building Set,1964-1,1985,27
Basic Building Set,1965-1,1985,38
Basic Building Set,504-1,1985,41
Basic Building Set,540-1,1985,619
Basic Building Set,120438-1,1985,176
Basic Building Set,330-1,1985,158
Basic Building Set,308-2,1985,34
Basic Building Set,320-1,1985,78
Basic Building Set,340-1,1985,220
Basic Building Set,1562-2,1985,36
Basic Building Set,317-2,1987,68
Basic Building Set,303-1,1987,33
Basic Building Set,347-2,1987,330
Basic Building Set,503-1,1987,39
Basic Building Set,337-1,1987,225
Basic Building Set,507-1,1987,60
Basic Building Set,327-1,1987,107
Basic Building Set,517-1,1987,123
Basic Building Set,527-1,1987,196
Basic Building Set,537-1,1987,271
Basic Building Set,547-1,1987,624
Basic Building Set,557-1,1987,721
Basic Building Set,515-1,1990,115
Basic Building Set,525-1,1990,185
Basic Building Set,735-1,1990,538
Basic Building Set,535-1,1990,349
Basic Building Set,1679-1,1990,43
Basic Building Set,315-1,1990,62
Basic Building Set,1676-1,1990,22
Basic Building Set,325-1,1990,109
Basic Building Set,715-1,1990,410
Basic Building Set,335-1,1990,245
Basic Building Set,725-1,1990,440
Basic Building Set,1106-2,1999,413
Basic Building Set,4122-1,2000,201
Basic Building Set + Storage Case,322-3,1983,2
Basic Building Set + Storage Case,1932-1,1984,82
Basic Building Set in Bucket,1662-1,1989,630
Basic Building Set in Bucket,1661-2,1989,418
Basic Building Set in Bucket,1663-1,1989,451
Basic Building Set in Cardboard,005-1,1965,35
Basic Building Set in Cardboard,010-1,1965,57
Basic Building Set Trial Size,1495-1,1988,26
Basic Building Set Trial Size,1514-1,1988,46
Basic Building Set Trial Size,1522-1,1989,44
Basic Building Set Trial Size,1521-1,1989,24
Basic Building Set Trial Size,1698-1,1991,26
Basic Building Set Trial Size,1678-1,1991,49
Basic Building Set Trial Size,1670-1,1992,28
Basic Building Set Trial Size,1668-1,1992,30
Basic Building Set Trial Size,1651-1,1993,30
Basic Building Set Trial Size,1701-1,1994,26
Basic Set,4-3,1973,234
Basic Set,7-3,1973,412
Basic Set,1-7,1973,107
Basic Set,3-4,1973,191
Basic Set,8-3,1973,665
Basic Set,6-3,1973,338
Basic Set,5-3,1973,330
Basic Set,2-7,1973,139
Basic Set,355-2,1981,160
Basic Set,555-2,1981,206
Basic Set,566-1,1981,285
Basic Set,322-1,1981,82
Basic Set,366-1,1981,184
Basic Set,544-1,1981,147
Basic Set,333-1,1981,100
Basic Set,577-1,1981,391
Basic Set,1911-1,1983,34
Basic Set,311-3,1984,34
Basic Set,533-1,1984,93
Basic Set,1588-1,1987,27
Basic Set,1598-1,1987,38
Basic Set,9255-1,1992,185
Basic Set,1652-1,1994,44
Basic Set Trial Size,1524-1,1986,38
Basic Set Trial Size,1523-1,1986,27
Basic Set with Storage Case,1944-1,1983,142
Basic Set with Storage Case,1954-2,1984,141
Basic Set with Storage Case,1520-1,1985,215
Basic Set with Storage Case,1512-2,1985,103
Basic Set with Storage Case,1963-1,1986,221
Bathroom,265-1,1974,147
Bathroom,261-1,1979,179
Bathroom,2775-1,1991,7
Batman,4526-1,2012,40
Batman,50003-1,2013,252
Batman,41585-1,2017,91
Battery Box,108-1,1976,1
Battery Box,1103-1,1977,1
Battery Box,703-3,1984,1
Battery Box,1168-1,1986,1
Bedroom,5233-1,1980,163
Bedroom,3792-1,1985,16
Bedroom,3636-1,1987,21
Big Ben,21013-1,2012,346
Big Ben,10253-1,2016,4166
Big Farm,4665-1,2005,69
Big Farm,5649-1,2010,68
Big Farm,10525-1,2014,121
Biplane,328-2,1967,44
Biplane,613-1,1974,18
Biplane,430-1,1975,18
Biplane,53850004-1,2015,24
Bird,1724-1,1994,9
Bird,3331-1,1998,14
Bird,7270-1,2005,28
Birthday Cake,40048-1,2012,24
Birthday Cake,40153-1,2015,120
Birthday Party,30107-1,2013,39
Birthday Party,41110-1,2016,191
Black Champion Racer,42026-2,2014,137
Black Champion Racer,42026-1,2014,136
Black Falcon's Fortress,6074-1,1986,430
Black Falcon's Fortress,10039-1,2002,431
Black Plates - Large Package,970683-1,2002,165
Black Plates - Large Package,991426-1,2009,165
Black Seas Barracuda,6285-1,1989,915
Black Seas Barracuda,10040-1,2002,914
Blacksmith Shop,6040-1,1984,93
Blacksmith Shop,3739-1,2002,629
Blacksmith Shop,2508-1,2011,178
Blue Bucket,1638-1,1990,444
Blue Bucket,4696-1,2004,200
Blue Racer,6618-1,2000,23
Blue Racer,1272-1,2000,23
Blue Racer,1282-1,2000,23
Blue Racer,4301-1,2003,24
Blue Racer,4309-1,2004,31
Blue Racer,31027-1,2015,67
Blue Tub,4278-1,2003,1000
Blue Tub,4919-1,2005,1500
Boat,2883-1,1997,28
Boat,2025-1,1999,12
Boat,2069-1,1999,15
Boat,2157-1,2000,16
Bonus Lego Basic Town,9287-1,1996,2472
Bonus Lego Basic Town,9248-1,1998,2
Boulder Blaster,8707-1,2009,295
Boulder Blaster,70747-1,2015,234
Box of Bricks,4781-1,2005,300
Box of Bricks,4782-1,2005,200
Box of Bricks,4421-1,2005,1000
Box of Bricks,4780-1,2005,500
Box of Bricks,6116-1,2007,604
Breez,6227-1,2012,55
Breez,44006-1,2013,49
Brick Box,5416-1,2007,34
Brick Box,6161-1,2007,221
Brick Box,5416-2,2009,33
Brick Separator,5008-1,1990,1
Brick Separator,630-1,1996,1
Brickley,3300001-1,2011,197
Brickley,40019-1,2011,59
Buggy,4067-1,2001,15
Buggy,8048-1,2010,313
Buggy,60145-1,2017,80
Build and Create,7837-1,2002,600
Build and Create,4410-1,2004,500
Build and Play Box,4629-1,2012,149
Build and Play Box,4630-1,2012,1000
Build-N-Store Chest,365-2,1990,337
Build-N-Store Chest,565-2,1990,695
Build-N-Store Chest,545-1,1990,423
Build-N-Store Chest,385-2,1990,450
Building Ideas Book,222-1,1976,0
Building Ideas Book,200-2,1985,0
Building Set,135-1,1973,338
Building Set,115-1,1973,190
Building Set,105-2,1973,150
Building Set,125-2,1974,234
Building Set,145-1,1974,412
BuildToExpress Set,9331-1,2009,207
BuildToExpress Set,45110-1,2013,204
Bulk,6223-1,2012,61
Bulk,44004-1,2013,50
Bulldozer,951-1,1979,372
Bulldozer,856-1,1979,372
Bulldozer,6658-1,1986,65
Bulldozer,42028-1,2014,614
Bulldozer,60074-1,2015,383
Bungalow,344-1,1969,77
Bungalow,232-1,1978,472
Burj Khalifa,21008-1,2011,208
Burj Khalifa,21031-1,2016,332
Bus Stop,696-1,1976,80
Bus Stop,3719-1,1987,5
Captain America,4597-1,2012,44
Captain America,41589-1,2017,79
Car,22-1,1971,47
Car,1606-1,1987,23
Car,1741-1,1994,36
Car,2045-1,1999,17
Car,1260-1,1999,26
Car,2156-1,2000,17
Car,30103-1,2012,32
Car,53850002-1,2015,40
Car and Caravan,379-2,1972,93
Car and Caravan,656-1,1974,49
Car and Caravan,4435-1,2012,217
Cargo Center,6391-1,1984,565
Cargo Center,6330-1,1998,246
Cargo Crane,4552-1,1995,281
Cargo Crane,4514-1,2003,176
Cargo Plane,7734-1,2008,462
Cargo Plane,42025-1,2014,1295
Cargo Station,165-1,1978,267
Cargo Station,4555-1,1995,393
Cargo Train,4512-1,2003,546
Cargo Train,7939-1,2010,838
Cargo Train,60052-1,2014,887
Cart,1184-1,1999,24
Cart,1186-1,1999,25
Castle,375-2,1978,776
Castle,6075-2,1981,774
Castle Accessories,5138-1,1994,39
Castle Accessories,5135-1,1995,34
Castle Accessories,5383-1,1998,36
Castle Accessories,10066-1,2002,41
Castle Equipment,5184-1,1989,38
Castle Equipment,5059-1,1993,34
Castle Mini Figures,0016-1,1978,15
Castle Mini Figures,15-1,1984,38
Castle Mini Figures,6102-1,1985,36
Castle Mini Figures,6103-1,1988,38
Catapult,6030-1,1984,83
Catapult,1289-1,2000,23
Catapult,5994-1,2005,27
Cement Mixer,6682-1,1985,90
Cement Mixer,7990-1,2007,212
Cement Mixer,7876-1,2007,44
Cement Mixer,60018-1,2013,220
Championship Challenge,3409-1,2000,293
Championship Challenge,3409-3,2000,295
Chef,3383-1,2003,6
Chef,7178-1,2007,5
Cherry Picker,8292-1,2008,724
Cherry Picker,42031-1,2015,155
CHI Cragger,70203-1,2013,65
CHI Cragger,70207-1,2014,58
CHI Laval,70200-1,2013,55
CHI Laval,70206-1,2014,49
Chopper Cop,6324-1,1998,24
Chopper Cop,4304-1,1998,24
Christmas Train,40034-1,2012,82
Christmas Train,40138-1,2015,233
Christmas Tree,10069-1,2002,33
Christmas Tree,30009-1,2009,47
Christmas Tree,40002-1,2009,61
Christmas Tree,40024-1,2011,77
Christmas Tree,30186-1,2013,51
Christmas Tree,561412-1,2014,35
Christmas Tree,30286-1,2015,65
Christmas Tree Ornament,4169306a-1,2005,46
Christmas Tree Ornament,5003083-1,2015,31
Church,1309-1,1957,150
Church,309-2,1958,149
Cinderella's Carriage,6153-1,2012,20
Cinderella's Carriage,10729-1,2016,116
City Rescue Pack,66175-1,2007,0
City Rescue Pack,66177-1,2007,0
City Starter Set,60023-1,2013,267
City Starter Set,60086-1,2015,238
City Super Pack 4 in 1 (7898 7997 7895 7896),66239-1,2007,4
City Super Pack 4 in 1 (7898 7997 7895 7896),66325-1,2009,4
Classic Trial Size,4284-1,1999,123
Classic Trial Size,4281-1,1999,25
Classic Trial Size,4282-1,1999,37
Clikits Bracelet Sample Set,1385-1,2003,13
Clikits Bracelet Sample Set,1386-1,2004,13
Clone Turbo Tank,8098-1,2010,1142
Clone Turbo Tank,75028-1,2014,96
Clone Turbo Tank,75151-1,2016,902
Clouse foil pack,891610-1,2016,8
Clouse foil pack,NIN891610-1,2016,8
Coast Guard Station,369-1,1976,273
Coast Guard Station,575-1,1978,301
Cole foil pack,NIN891503-1,2015,11
Cole foil pack,891611-1,2016,16
Combine Harvester,8274-1,2007,1025
Combine Harvester,7636-1,2009,364
Community Workers,1063-1,1985,169
Community Workers,9293-1,1996,80
Community Workers,9247-1,2005,133
Community Workers,9247-2,2006,218
Compass Sensor for Mindstorms NXT,MS1034-1,2006,1
Compass Sensor for Mindstorms NXT,10285-1,2011,1
Connecting Leads,1337-1,1985,18
Connecting Leads,9861-1,1992,8
Connections Kit,2000413-1,2010,2045
Connections Kit,2000431-1,2013,2448
Connector Pegs (Pack of 100),970608-1,2002,100
Connector Pegs (Pack of 100),970603-1,2002,100
Construction Crew,6481-1,1989,170
Construction Crew,6565-1,1997,78
Construction Crew,42023-1,2014,833
Construction Site,7243-1,2005,301
Construction Site,7633-1,2009,897
Container Truck,8052-1,2010,685
Container Truck,42024-1,2014,947
Corporate Alliance Tank Droid,7748-1,2009,216
Corporate Alliance Tank Droid,75015-1,2013,271
Cowboys,210-1,1976,39
Cowboys,617-1,1976,41
Cowboys,198-1,1977,39
Crab,6140-1,1998,78
Crab,7268-1,2005,32
Crane and Digger Accessories,5126-1,1995,18
Crane and Digger Accessories,5390-1,1998,14
Crane Truck,6674-1,1988,94
Crane Truck,6446-1,1999,26
Crane Truck,8446-1,1999,572
Crane Truck,8431-1,2002,861
Crane Truck,8258-1,2009,1876
Crawler Crane,8288-1,2006,800
Crawler Crane,7632-1,2009,478
Crawler Crane,42042-1,2015,1399
Creative Bucket,5538-1,2009,75
Creative Bucket,5539-1,2009,480
Creative Bucket,10555-1,2013,65
Creative Building Set,66188-1,2007,2
Creative Building Set,10702-1,2016,582
Creator Bucket,7825-1,2002,500
Creator Bucket,5519-1,2007,485
Creator Community Builders,9302-1,2004,1690
Creator Community Builders,9303-1,2004,1184
Cross Axles,5239-1,1987,34
Cross Axles,5226-1,1998,18
Cross Axles,10074-1,2003,68
Cross Road Plates,6323-1,1997,2
Cross Road Plates,4111-1,2002,2
Crossbow Cart,1732-1,1994,23
Crossbow Cart,1712-1,1994,23
Crossbow Cart,6004-1,1997,21
Crystal Crawler,1728-1,1996,97
Crystal Crawler,6145-1,1996,96
Crystal Detector,6159-1,1998,105
Crystal Detector,6150-1,1998,105
Curved Road Plates,301-1,1978,2
Curved Road Plates,552-1,1979,2
Curved Road Plates,6311-1,1986,2
Curved Road Plates,6321-1,1997,2
Curved Road Plates,4109-1,2002,2
Curved Track,151-1,1966,25
Curved Track,157-1,1976,25
Cute Kitten,30188-1,2014,54
Cute Kitten,561411-1,2014,24
Cyber Blaster,6816-1,1997,20
Cyber Blaster,6800-1,1997,20
Cyber Saucer,6999-1,1997,113
Cyber Saucer,6900-1,1997,112
CyberMaster,8482-1,1998,896
CyberMaster,8483-1,1998,897
Cypress Trees,5192-1,1989,2
Cypress Trees,10113-1,2001,5
Darth Maul,10018-1,2001,1868
Darth Maul,6005188-1,2012,8
Darth Maul,5000062-1,2012,3
Darth Maul Key Chain,3922-1,2000,0
Darth Maul Key Chain,850446-1,2012,0
Darth Vader Key Chain,3913-1,2000,0
Darth Vader Key Chain,850353-1,2008,0
Darth Vader Key Chain,850996-1,2014,0
Darth Vader™,8010-1,2002,390
Darth Vader™,75111-1,2015,160
Death Star,10188-1,2008,3807
Death Star,75159-1,2016,4023
Decorated Elements,5171-1,1987,28
Decorated Elements,5154-1,1991,26
Decorated Elements,5054-1,1993,28
Decorated Elements,5121-1,1994,30
Decorated Elements,5398-1,1996,43
Decorated Elements,5319-1,1999,19
Defense Archer,4801-1,2000,15
Defense Archer,4811-1,2000,15
Delivery Truck,333-2,1967,68
Delivery Truck,1581-2,1990,122
Deluxe Brick Box,6167-1,2006,693
Deluxe Brick Box,5508-1,2010,704
Deluxe Train Set,5609-1,2008,118
Deluxe Train Set,10508-1,2013,134
Demolition Site,60076-1,2015,774
Demolition Site,10734-1,2017,162
Desert Expedition,5948-1,1998,195
Desert Expedition,2879-1,1998,195
Desert Island,1481-1,1991,24
Desert Island,5846-1,1998,94
Desert Racer,8841-1,1983,180
Desert Racer,8359-1,2003,27
Desert Racer,42027-1,2014,148
Desert Skiff,7104-1,2000,55
Desert Skiff,9496-1,2012,220
Differential and Bevel Gears,1320-1,1987,32
Differential and Bevel Gears,9967-1,1994,18
Differential Gear Housing,1228-1,1982,28
Differential Gear Housing,1235-1,1984,19
Differential Gear Housing,5242-1,1987,19
Digger,7248-1,2005,128
Digger,10666-1,2014,75
Digger,53850017-1,2017,56
Digger Bucket,1124-1,1977,3
Digger Bucket,705-4,1984,3
Digger Bucket Assembly,1241-1,1985,4
Digger Bucket Assembly,5168-1,1987,4
Dinosaur,1725-1,1994,11
Dinosaur,7219-1,2004,34
Dinosaur,7604-1,2006,34
Dinosaur,20003-1,2008,102
Dinosaurs Set,9310-1,2001,4
Dinosaurs Set,9213-1,2007,95
Dirt Bike,8004-1,2000,32
Dirt Bike,8291-1,2008,247
Doors and Windows,933-1,1973,38
Doors and Windows,809-1,1986,38
Doors and Windows,5149-1,1987,38
Doors and Windows,631-1,1996,52
Doors and Windows,6117-1,2008,100
Double Hover,7300-1,2001,21
Double Hover,7308-1,2001,21
Dragster,8847-1,1983,250
Dragster,1528-1,1986,29
Dragster,1250-1,1999,24
Droid Escape,7106-1,2001,45
Droid Escape,9490-1,2012,136
Droid Gunship,7678-1,2008,323
Droid Gunship,75042-1,2014,438
Droid Tri-Fighter,7252-1,2005,147
Droid Tri-Fighter,8086-1,2010,267
Droid Tri-Fighter,75044-1,2014,261
Duck,2000416-1,2012,6
Duck,30321-1,2016,4
Dump Truck,331-1,1967,45
Dump Truck,6648-2,1980,42
Dump Truck,4653-1,2003,28
Dump Truck,8415-1,2005,284
Dump Truck,7344-1,2005,187
Dump Truck,7631-1,2009,184
Dumper,6535-1,1995,42
Dumper,6447-1,1999,49
Dumper,8451-1,2003,183
Dune Buggy,8845-1,1981,174
Dune Buggy,1611-1,1991,21
Dune Buggy,8296-1,2008,199
Duplo Deluxe Brick Box,5417-1,2007,95
Duplo Deluxe Brick Box,5507-1,2010,102
Duplo World People,9222-1,2007,16
Duplo World People,45011-1,2015,16
Easter Chicks,1264-1,2000,29
Easter Chicks,4599605-1,2010,15
Electronic Train,118-1,1968,103
Electronic Train,138-1,1969,107
Elves' Workshop,40106-1,2014,115
Elves' Workshop,40205-1,2016,238
Enchanted Island,6278-1,1994,439
Enchanted Island,6292-1,2001,445
ESSO Filling Station,1310-1,1956,96
ESSO Filling Station,310-5,1958,96
Esso Pumps/Sign,1247-2,1955,2
Esso Pumps/Sign,231-2,1956,2
Evo,6200-2,2012,36
Evo,44012-1,2013,51
Ewok Attack,7139-1,2002,121
Ewok Attack,7956-1,2011,166
Excavator,604-2,1971,28
Excavator,614-1,1974,31
Excavator,641-1,1978,38
Excavator,8851-1,1984,362
Excavator,8419-1,2005,286
Excavator,8294-1,2008,719
Excavator,42006-1,2013,719
Exclusive Roboriders Pack,880011-1,2001,2
Exclusive Roboriders Pack,880010-1,2001,2
Exclusive Roboriders Pack,880012-1,2001,2
Exxon Fuel Tanker,554-1,1979,75
Exxon Fuel Tanker,6696-1,1984,106
Ezra's Speeder Bike,75090-1,2015,267
Ezra's Speeder Bike,75090-2,2015,253
Family,200-1,1974,78
Family,254-1,1975,94
Family,194-1,1976,94
Family House,5639-1,2009,71
Family House,31012-1,2013,755
Family House,10686-1,2015,226
Farm,9227-1,2007,104
Farm,7637-1,2009,613
Farm Set,190-1,1974,526
Farm Set,9217-1,2010,150
Farm Tractor,316-2,1963,49
Farm Tractor,10524-1,2014,29
Farmer,7566-1,2010,16
Farmer,71011-1,2016,7
Fast Car,30187-1,2014,56
Fast Car,31046-1,2016,222
Fences and Gates,1209-1,1982,10
Fences and Gates,5162-1,1987,10
Ferrari F40,30192-1,2012,47
Ferrari F40,10248-1,2015,1157
Ferris Wheel,4957-1,2007,1066
Ferris Wheel,10247-1,2015,2463
Ferry,311-1,1973,82
Ferry,60119-1,2016,301
Fire ATV,4427-1,2012,50
Fire ATV,60105-1,2016,64
Fire Boat,4025-1,1982,150
Fire Boat,1248-1,1999,24
Fire Boat,4992-1,2007,23
Fire Boat,7207-1,2010,305
Fire Boat,60005-1,2013,221
Fire Boat,10591-1,2015,19
Fire Boat,60109-1,2016,411
Fire Car,5532-1,2005,32
Fire Car,7241-1,2005,47
Fire Car,30221-1,2013,36
Fire Car,30347-1,2016,53
Fire Car,30338-1,2017,32
Fire Chief,6407-1,1997,26
Fire Chief,30010-1,2010,31
Fire Chief,6169-1,2012,6
Fire Chief's Car,602-1,1978,24
Fire Chief's Car,6611-1,1981,20
Fire Chief's Car,6602-1,1981,24
Fire Chief's Car,6612-1,1986,29
Fire Chief's Car,6505-1,1988,29
Fire Chief's Car,4914-1,2005,31
Fire Emergency,60003-1,2013,300
Fire Emergency,10671-1,2014,123
Fire Emergency Van,672-1,1978,65
Fire Emergency Van,556-1,1979,66
Fire Engine,305-2,1964,170
Fire Engine,336-1,1968,76
Fire Engine,374-2,1971,73
Fire Engine,658-1,1974,38
Fire Engine,3642-1,1985,18
Fire Engine,392-2,1986,30
Fire Engine,6486-1,1997,67
Fire Engine,60112-1,2016,375
Fire Fighter Ship,775-1,1978,141
Fire Fighter Ship,316-1,1978,141
Fire Helicopter,8253-1,1999,210
Fire Helicopter,1294-1,2000,31
Fire Helicopter,7238-1,2005,75
Fire Helicopter,4900-1,2008,30
Fire Helicopter,7206-1,2010,341
Fire Helicopter,30019-1,2012,37
Fire Helicopter,60010-1,2013,224
Fire Plane,4209-1,2012,507
Fire Plane,42040-1,2015,577
Fire Rescue,4031-1,1991,363
Fire Rescue,60001-1,2013,79
Fire Starter Set,60088-1,2015,92
Fire Starter Set,60106-1,2016,90
Fire Station,1308-1,1957,109
Fire Station,308-3,1958,109
Fire Station,357-1,1973,236
Fire Station,374-1,1978,334
Fire Station,6382-1,1981,394
Fire Station,3682-1,1987,153
Fire Station,6478-1,2000,224
Fire Station,7240-1,2005,264
Fire Station,7945-1,2007,603
Fire Station,7208-1,2010,644
Fire Station,6168-1,2012,64
Fire Station,60004-1,2013,750
Fire Station,10593-1,2015,104
Fire Station,60110-1,2016,918
Fire Truck,602-2,1970,30
Fire Truck,620-2,1970,40
Fire Truck,640-1,1971,45
Fire Truck,485-1,1976,60
Fire Truck,6621-1,1984,39
Fire Truck,6643-1,1988,74
Fire Truck,7239-1,2005,215
Fire Truck,8289-1,2006,1012
Fire Truck,20002-1,2008,56
Fire Truck,6752-1,2009,771
Fire Truck,5682-1,2011,20
Fire Truck,60002-1,2013,208
Fire Truck,10592-1,2015,26
Firefighter,7043-1,2004,68
Firefighter,5613-1,2008,25
Fireman's Car,620-1,1978,32
Fireman's Car,4938-1,2007,28
Fireman's Car,30001-1,2009,39
Firemen,218-1,1977,277
Firemen,6307-1,1983,22
First Order Stormtrooper,30602-1,2016,7
First Order Stormtrooper,75114-1,2016,81
Fishing Boat,4642-1,2011,63
Fishing Boat,60147-1,2017,125
Flash Speeder,7124-1,2000,107
Flash Speeder,75091-1,2015,311
Flash Speeder,911618-1,2017,43
Flatbed Truck,643-1,1978,39
Flatbed Truck,8109-1,2011,1114
Flatbed Truck,60017-1,2013,211
Fork Lift,450-1,1973,42
Fork Lift,425-1,1976,21
Fork Lift,950-1,1979,216
Fork Lift,4915-1-b2,2007,0
Fork Lift Truck,8843-1,1984,272
Fork Lift Truck,8441-1,2003,70
Forklift,8835-1,1989,240
Forklift,8248-1,1998,227
Forklift,3520-1,1999,39
Forklift,8416-1,2005,729
Formula 1 Racer,491-1,1977,67
Formula 1 Racer,5540-1,1986,446
Formula 1 Racing Car,2886-1,1997,25
Formula 1 Racing Car,2535-1,1998,30
Fort Legoredo,6769-1,1996,687
Fort Legoredo,6762-1,2002,687
Freestyle Building Set,4130-1,1995,37
Freestyle Building Set,4131-1,1995,71
Freestyle Building Set,4132-1,1995,122
Freestyle Building Set,4143-1,1995,196
Freestyle Building Set,4150-1,1995,91
Freestyle Building Set,4142-1,1995,98
Freestyle Playdesk,4274-1,1998,508
Freestyle Playdesk,4254-1,1998,309
Freestyle Set,1860-1,1995,32
Freestyle Set,1870-1,1995,43
Freestyle Set,1850-1,1995,27
Freestyle Set,1840-1,1995,24
Freestyle Set,1846-1,1996,25
Freestyle Set,1847-1,1996,33
Freestyle Set,4232-1,1998,30
Freestyle Set,4239-1,1998,38
Freestyle Trial Size,4157-1,1997,36
Freestyle Trial Size,4280-1,1998,39
Freight Train,7735-1,1985,516
Freight Train,2933-1,2000,79
Fright Knights Flying Machine,2848-1,1997,19
Fright Knights Flying Machine,2539-1,1998,21
Front End Loader,8828-1,1993,175
Front End Loader,8235-1,1995,166
Front End Loader,8453-1,2003,214
Front End Loader,8439-1,2004,591
Front-End Loader,102A-2,1970,56
Front-End Loader,102A-1,1970,64
Front-End Loader,7630-1,2009,107
Galactic Scout,1694-1,1992,23
Galactic Scout,1462-1,1992,23
Galaxy Explorer,928-1,1979,342
Galaxy Explorer,497-1,1979,342
Garage,1236-2,1955,59
Garage,361-2,1979,79
Garage,6369-1,1985,134
Garage,7642-1,2009,957
Garbage Truck,7991-1,2007,205
Garbage Truck,20011-1,2009,74
Garbage Truck,4432-1,2012,207
Garbage Truck,30313-1,2015,48
Garbage Truck,10680-1,2015,99
Garbage Truck,60118-1,2016,247
Gas N' Wash Express,6397-1,1992,473
Gas N' Wash Express,6472-1,2001,473
Gear Set,801-1,1970,112
Gear Set,9610-1,1993,76
Gear Supplementary Set,802-1,1970,30
Gear Supplementary Set,812-1,1974,101
Gear Wheel Assortment,1227-1,1982,15
Gear Wheel Assortment,1234-1,1984,21
Gear Wheel Assortment,5241-1,1987,20
Ghost,4578-1,2001,7
Ghost,30201-1,2012,33
Gift Package,700GP6-2,1957,46
Gift Package,700.1-2,1957,0
Gift Package,700.2-2,1957,0
Gift Package,700GP0-1,1957,244
Gift Package,700.3A-2,1957,0
Gift Package (Lego Mursten),700GP6-1,1954,46
Gift Package (Lego Mursten),700GP5-1,1954,54
Gift Set,66207-1,2006,2
Gift Set,66225-1,2007,2
Giraffe,1602-1,1987,16
Giraffe,4905-1,2005,37
Glider,1187-1,1999,23
Glider,2707-1,2000,9
Glider,5966-1,2006,22
Glider,4442-1,2012,101
Go-Cart,1972-1,1985,98
Go-Cart,8842-1,1986,280
Go-Cart,1760-1,1995,21
Go-Cart,1762-1,1995,21
Go-Cart,8219-1,1998,100
Go-Cart,1251-1,1999,25
Go-Kart,948-1,1978,211
Go-Kart,854-1,1978,211
Go-Kart,6406-1,1997,23
Go-Kart,6400-1,1997,23
Go-Kart,3056-1,1998,23
Go-Kart,6436-1,1999,22
Go-Kart,6498-1,1999,22
Go-Kart,8256-1,2009,143
Granite Grinder,4940-1,1999,109
Granite Grinder,8958-1,2009,96
Green Buggy,6707-1,2000,23
Green Buggy,1284-1,2000,23
Gresh,8980-1,2009,55
Gresh,7117-1,2010,19
Guarded Inn,6067-1,1986,256
Guarded Inn,10000-1,2001,256
Gungan Sub,7161-1,1999,379
Gungan Sub,9499-1,2012,464
Gyroscopic Sensor for Mindstorms NXT,MS1044-1,2007,0
Gyroscopic Sensor for Mindstorms NXT,2852726-1,2011,0
Hailfire Droid,4481-1,2003,680
Hailfire Droid,75085-1,2015,163
Halloween Bat,40014-1,2010,25
Halloween Bat,40090-1,2014,155
Halloween Bucket,3047-1,1998,256
Halloween Bucket,7836-1,2003,200
Halloween Set,40020-1,2011,71
Halloween Set,850936-1,2014,11
Head Light Brick,5307-1,1992,3
Head Light Brick,5308-1,1994,3
Helicopter,8844-1,1981,316
Helicopter,1469-1,1986,39
Helicopter,390-1,1986,24
Helicopter,1607-1,1987,26
Helicopter,1690-1,1990,27
Helicopter,1630-1,1990,27
Helicopter,1827-1,1997,20
Helicopter,2849-1,1997,20
Helicopter,3333-1,1998,17
Helicopter,2032-1,1999,18
Helicopter,1246-1,1999,26
Helicopter,3554-1,1999,79
Helicopter,2710-1,2000,8
Helicopter,2158-1,2000,10
Helicopter,8429-1,2002,146
Helicopter,7031-1,2003,87
Helicopter,4037-1,2004,9
Helicopter,4906-1,2005,16
Helicopter,7609-1,2006,28
Helicopter,8046-1,2010,152
Helicopter,9396-1,2012,1055
Helicopter,30181-1,2012,53
Helicopter,30471-1,2016,47
Helicopter Transport,6328-1,1998,102
Helicopter Transport,1276-1,2000,22
Helicopter Transporter,7686-1,2009,381
Helicopter Transporter,60049-1,2014,381
Hinges,1122-1,1977,3
Hinges,1132-1,1981,8
Hinges,701-1,1984,3
Hinges,701-3,1986,6
Hinges and Couplings,1243-1,1986,9
Hinges and Couplings,5179-1,1987,26
Hinges and Couplings,5182-1,1989,19
Hinges and Couplings,5183-1,1989,32
"Hinges, Couplings, Turntables",5047-1,1993,30
"Hinges, Couplings, Turntables",5131-1,1996,30
Hogwarts,3862-1,2010,332
Hogwarts,4867-1,2011,465
Holiday Home,6374-1,1983,265
Holiday Home,1472-1,1987,359
Homing Spider Droid,75016-1,2013,295
Homing Spider Droid,75077-1,2015,102
Homing Spider Droid,75142-1,2016,309
Hospital,555-1,1976,229
Hospital,231-1,1978,400
Hospital,137-1,1979,104
Hospital,9364-1,1993,584
Hospital,7892-1,2006,385
Hospital Ward,5875-1,1996,108
Hospital Ward,5876-1,1996,105
Hot Dog Man,71008-14,2015,5
Hot Dog Man,71018-6,2017,9
Hot Rod,10151-1,2004,420
Hot Rod,42022-1,2014,413
Hot Rod,30354-1,2017,36
House,5404-1,1997,28
House,4956-1,2007,731
House,7796-1,2008,53
Hovercraft,663-1,1977,60
Hovercraft,6875-1,1988,93
Hovercraft,8824-1,1994,192
Hovercraft,42002-1,2013,169
Hulk,6001095-1,2012,4
Hulk,5000022-1,2012,4
Ice Cream Cart,6601-1,1985,30
Ice Cream Cart,FR561605-1,2016,24
Ice Planet Scooter,1731-1,1994,19
Ice Planet Scooter,1711-1,1994,19
Ice Planet Scooter,3014-1,1999,19
Idea Book,240-2,1967,0
Idea Book,226-2,1981,0
Idea Book,260-1,1990,0
Identity and Landscape Kit,2000415-1,2010,1536
Identity and Landscape Kit,2000430-1,2013,2844
Imperial Flagship,6271-1,1992,320
Imperial Flagship,10210-1,2010,1623
Imperial Shuttle,7166-1,2001,238
Imperial Shuttle,30246-1,2014,57
Imperial Shuttle - Mini,4494-1,2004,82
Imperial Shuttle - Mini,20016-1,2010,70
Imperial Star Destroyer,6211-1,2006,1388
Imperial Star Destroyer,75055-1,2014,1357
Infrared Link Sensor for Mindstorms NXT,MS1046-1,2007,0
Infrared Link Sensor for Mindstorms NXT,2853216-1,2011,1
Infrared Receiver Sensor for Mindstorms NXT,MS1032-1,2010,0
Infrared Receiver Sensor for Mindstorms NXT,2855040-1,2011,0
International Flags,1242-2,1957,5
International Flags,242-1,1958,5
International Flags,242I-1,1958,5
Iron Man,4529-1,2012,44
Iron Man,41590-1,2017,96
Jango Fett™,8011-1,2002,426
Jango Fett™,75107-1,2015,85
Jay,891505-1,2015,9
Jay,NIN891615-1,2016,14
Jeep,330-3,1968,65
Jeep,3555-1,1999,262
Jeep,7602-1,2006,46
Jeep,7803-1,2009,38
Jeep,53850006-1,2015,29
Jeep CJ-5,385-1,1976,58
Jeep CJ-5,711-1,1977,58
Jet,1775-1,1994,161
Jet,30020-1,2010,43
Jet,53850008-1,2016,18
Jet Scooter,1415-1,2001,24
Jet Scooter,7303-1,2001,24
Kayak,1740-1,1994,16
Kayak,TRUKAYAK-1,2015,18
King Leo's Castle,6098-1,2000,538
King Leo's Castle,6091-1,2000,539
King's Castle,6080-1,1984,679
King's Castle,7946-1,2010,932
King's Catapult,1480-1,1991,33
King's Catapult,1917-1,1993,22
Kitchen,269-1,1979,210
Kitchen,3795-1,1985,26
Kitchen,3646-1,1988,54
Kitchen Set,263-1,1974,173
Kitchen Set,5414-1,1999,24
Knight's Procession,677-1,1979,48
Knight's Procession,6077-1,1981,49
Knight's Tournament,383-2,1979,210
Knight's Tournament,6083-1,1981,210
Krana,8559-1,2002,0
Krana,8569-1,2002,0
Landspeeder,7110-1,1999,49
Landspeeder,SW911608-1,2016,37
Large Bucket,1639-1,1990,673
Large Bucket,1637-1,1990,493
Large Bucket,1882-1,1991,451
Large Bucket,1879-1,1992,441
Large Bucket,1708-1,1994,665
Large Bucket,1819-1,1995,950
Large Bucket,4267-1,1998,468
Large Bucket,4288-1,1999,404
Large Bulk Bucket,1776-1,1996,950
Large Bulk Bucket,2199-1,1997,466
Large Bulk Bucket,2453-1,1998,950
Large Bulk Bucket,4244-1,1998,420
Large Freestyle Bucket,4134-1,1995,252
Large Freestyle Bucket,4152-1,1995,409
Large House Set,4-4,1970,218
Large House Set,5-4,1971,307
Large House Set,15-2,1973,157
Legends of Chima Minifigure Accessory Set,850779-1,2013,42
Legends of Chima Minifigure Accessory Set,850910-1,2014,52
Lego Dacta Community Vehicles,9365-1,1993,739
Lego Dacta Community Vehicles,9369-1,1998,6
Lego System Idea Book (by Samsonite),238-2,1961,0
Lego System Idea Book (by Samsonite),238-9,1964,0
Lego System Idea Book no. 1,238-1,1960,0
Lego System Idea Book no. 1,238-3,1962,0
Lego System Ideas Book no. 2,238-4,1962,0
Lego System Ideas Book no. 2,238-5,1963,0
Lego System Road Plates,9370-1,1998,10
Lego System Road Plates,9373-1,2003,5
LEGO Town Plan Wooden Board,1200M-1,1957,1
LEGO Town Plan Wooden Board,200A-1,1957,1
LEGO Town Plan Wooden Board,200M-1,1957,1
LEGO Truck,2148-1,1997,105
LEGO Truck,10156-1,2004,105
Level Crossing,146-1,1976,68
Level Crossing,7936-1,2010,138
Light Masts,1233-2,1958,4
Light Masts,233-1,1958,4
Lighting Bricks,970-1,1978,17
Lighting Bricks,846-1,1992,45
Lighting Device Pack,1245-2,1957,3
Lighting Device Pack,245-1,1958,3
Lion,1604-1,1987,17
Lion,4903-1,2005,42
Lion,7872-1,2007,57
Locomotive Piston Assemblies,19-2,1977,6
Locomotive Piston Assemblies,1119-1,1977,6
Locomotive Wheels,10-3,1977,8
Locomotive Wheels,5064-1,1987,8
Locomotive without Motor,117-1,1967,99
Locomotive without Motor,162-1,1977,210
Logging Truck,9397-1,2012,1311
Logging Truck,60059-1,2014,227
London Bus,313-1,1966,140
London Bus,384-1,1973,110
London Bus,760-2,1975,110
London Bus,40220-1,2016,117
Lord Vladek,8795-1,2005,44
Lord Vladek,8702-1,2006,112
Low-Loader with Excavator,376-1,1971,91
Low-Loader with Excavator,649-1,1972,36
Luke Skywalker Watch,2850829-1,2011,0
Luke Skywalker Watch,5004608-1,2015,0
Luke's Landspeeder,8092-1,2010,163
Luke's Landspeeder,75173-1,2017,148
Maersk Line Container Truck,1651-2,1980,305
Maersk Line Container Truck,1552-1,1985,377
Magnetic Couplings,160-1,1968,6
Magnetic Couplings,1108-1,1977,4
Magnets and Magnet Holders,5055-1,1993,12
Magnets and Magnet Holders,5397-1,1996,12
Mail Van,7820-1,1980,211
Mail Van,7731-1,2008,65
Manual Level Crossing,4539-1,1991,115
Manual Level Crossing,4532-1,1996,135
Matau,8541-1,2001,25
Matau,1418-1,2001,25
Medium Bucket,1577-1,1988,217
Medium Bucket,4055-1,1997,329
Medium Bucket,4214-1,1998,264
Medium Bucket,4224-1,1998,363
Medium Bucket,3032-1,1999,600
Medium House Set,3-6,1970,158
Medium House Set,2-8,1970,109
Message Intercept Base,6987-1,1988,577
Message Intercept Base,6987-2,1988,575
Metroliner,4558-1,1991,786
Metroliner,10001-1,2001,785
Microcopter,5904-1,2000,28
Microcopter,1280-1,2000,28
Millennium Falcon,7190-1,2000,671
Millennium Falcon,7965-1,2011,1253
Millennium Falcon,75030-1,2014,94
Millennium Falcon,TRUFALCON-1,2016,44
Mini Basic Set,1905-1,1982,36
Mini Basic Set,1901-2,1984,36
Mini Bulldozer,5627-1,2008,23
Mini Bulldozer,8259-1,2009,165
Mini Cooper,10242-1,2014,1074
Mini Cooper,10242-2,2015,1076
Mini Digger,7246-1,2005,37
Mini Digger,5761-1,2011,57
Mini Dumper,6507-1,1989,30
Mini Dumper,5865-1,2010,60
Mini Dumper,30348-1,2016,45
Mini Loader,607-1,1979,22
Mini Loader,8418-1,2005,66
Mini Off-Roader,6742-1,2009,64
Mini Off-Roader,42001-1,2013,100
Mini Robot,1969-1,1993,38
Mini Robot,5616-1,2008,23
Mini Robots,4097-1,2003,229
Mini Robots,4917-1,2007,77
Mini Tow Truck,6423-1,2000,35
Mini Tow Truck,9390-1,2012,138
Minifig Pack,6701-1,1983,36
Minifig Pack,6702-1,1986,43
Minifig Pack,6703-1,1988,42
Minifig Pack,6704-1,1991,44
Minifigure Wedding Favor Set,853340-1,2011,30
Minifigure Wedding Favor Set,40165-1,2016,90
Mining Truck,4202-1,2012,269
Mining Truck,42035-1,2015,361
Mobile Command Center,4746-1,2004,425
Mobile Command Center,60139-1,2017,373
Mobile Crane,643-2,1971,35
Mobile Crane,689-1,1974,46
Mobile Crane,490-1,1975,46
Mobile Crane,670-1,1978,55
Mobile Crane,955-1,1979,512
Mobile Crane,6361-1,1986,163
Mobile Crane,8421-1,2005,1884
Mobile Crane,8053-1,2010,1288
Mobile Ground Tracking Station,452-1,1979,79
Mobile Ground Tracking Station,894-1,1979,79
Mobile Police Unit,7288-1,2011,407
Mobile Police Unit,60044-1,2014,374
Mobile Rocket Launcher,897-1,1979,77
Mobile Rocket Launcher,462-1,1979,77
Monorail Accessory Track,6921-1,1988,46
Monorail Accessory Track,6347-1,1991,54
Monster Truck,42005-1,2013,328
Monster Truck,60055-1,2014,77
Moon Buggy,6801-1,1981,22
Moon Buggy,1265-1,1999,25
Moon Buggy,3365-1,2011,37
Moon Landing,367-1,1975,363
Moon Landing,565-1,1976,366
Motor Boat,3633-1,1986,14
Motor Boat,1632-1,1990,28
Motorbike,1259-1,1999,28
Motorbike,3506-1,1999,26
Motorbike,3003-1,1999,28
Motorbike,8430-1,2002,317
Motorbike,8051-1,2010,473
Mountain Rambler,8820-1,1991,139
Mountain Rambler,8414-1,1997,243
MTT,30059-1,2012,51
MTT,75058-1,2014,951
My First LEGO Set,5932-1,2011,227
My First LEGO Set,10657-1,2013,148
Naboo Starfighter,7877-1,2011,317
Naboo Starfighter,75092-1,2015,440
Naboo Starfighter,911609-1,2016,34
Ninjago Kai,NIN891501-1,2015,9
Ninjago Kai,891501-1,2015,9
Nitro Muscle,8146-1,2007,597
Nitro Muscle,8194-1,2010,47
Nuju,1420-1,2001,29
Nuju,8544-1,2001,29
Number Bricks,237-1,1960,50
Number Bricks,987-1,1969,52
Nursery,297-1,1978,168
Nursery,5874-1,1997,61
Ocean Explorer,31045-1,2016,213
Ocean Explorer,42064-1,2017,1326
Off-Roader,8358-1,2003,26
Off-Roader,8297-1,2008,1096
Off-Roader,5761-1-b1,2011,0
Off-Roader,8066-1,2011,141
Panda,30026-1,2011,61
Panda,6173-1,2012,7
Panda,40073-1,2013,70
Panda,53850005-1,2015,35
Parrot,30021-1,2010,48
Parrot,30472-1,2016,43
Passenger Coach,123-1,1969,98
Passenger Coach,131-1,1972,66
Passenger Plane,4032-1,2003,161
Passenger Plane,7893-1,2006,403
Passenger Plane,3181-1,2010,308
Passenger Train,7897-1,2006,494
Passenger Train,7938-1,2010,668
Passenger Wagon,164-1,1978,145
Passenger Wagon,10015-1,2001,194
Patrol Car,1247-1,1999,32
Patrol Car,4436-1,2012,96
Pencil Holder,850426-1,2012,157
Pencil Holder,40154-1,2015,176
Percy Pig's Wheelbarrow,325-2,1979,4
Percy Pig's Wheelbarrow,3615-1,1981,4
Photo Safari,699-1,1977,129
Photo Safari,6156-1,2012,68
Pirate Accessories,5058-1,1993,32
Pirate Accessories,5122-1,1994,29
Pirate Lookout,1696-1,1992,17
Pirate Lookout,1464-1,1992,17
Pizza To Go,6350-1,1994,150
Pizza To Go,10036-1,2002,150
Plane,3332-1,1998,18
Plane,2047-1,1999,13
Plane,1841-1,1999,15
Plane Accessories,5178-1,1987,23
Plane Accessories,5153-1,1991,23
Plane Accessories,5050-1,1993,27
Point Shooting,3412-1,2000,24
Point Shooting,3418-1,2001,24
Polar Scout,6569-1,2000,2
Polar Scout,6586-1,2000,55
Police ATV,60006-1,2013,51
Police ATV,30228-1,2014,42
Police Boat,314-1,1976,52
Police Boat,709-1,1978,48
Police Boat,7899-1,2006,199
Police Boat,30002-1,2009,30
Police Boat,7287-1,2011,173
Police Boat,30017-1,2012,35
Police Car,611-1,1973,19
Police Car,420-1,1973,19
Police Car,621-1,1978,34
Police Car,6623-1,1983,40
Police Car,3639-1,1984,12
Police Car,3643-1,1985,12
Police Car,391-2,1986,22
Police Car,1610-1,1991,23
Police Car,7611-1,2008,35
Police Car,30352-1,2017,50
Police Chase,2234-1,1998,150
Police Chase,3648-1,2011,172
Police Chase,5004404-1,2016,36
Police Dog Unit,7285-1,2011,95
Police Dog Unit,60048-1,2014,248
Police Headquarters,585-1,1976,300
Police Headquarters,370-1,1976,300
Police Headquarters,588-1,1979,376
Police Headquarters,381-2,1979,372
Police Headquarters,6636-1,2002,291
Police Headquarters,7744-1,2008,957
Police Helicopter,618-1,1977,38
Police Helicopter,628-2,1977,38
Police Helicopter,645-1,1979,56
Police Helicopter,6642-1,1988,65
Police Helicopter,4991-1,2007,26
Police Helicopter,7741-1,2008,93
Police Helicopter,30014-1,2011,32
Police Helicopter,3658-1,2011,236
Police Helicopter,4473-1,2013,106
Police Helicopter,30222-1,2013,33
Police Helicopter,30351-1,2017,44
Police Heliport,354-1,1972,173
Police Heliport,560-2,1973,170
Police HQ,4611-1,2001,137
Police HQ,7035-1,2003,422
Police Motorcycle,3789-1,1984,7
Police Motorcycle,3794-1,1985,16
Police Motorcycle,4651-1,2003,12
Police Motorcycle,5531-1,2005,18
Police Patrol,600-2,1978,23
Police Patrol,6600-1,1981,23
Police Patrol,4021-1,1991,195
Police Patrol,4963-1,2006,5
Police Patrol,60045-1,2014,407
Police Pursuit,4437-1,2012,129
Police Pursuit,60128-1,2016,184
Police Station,522-1,1977,26
Police Station,6384-1,1983,398
Police Station,3664-1,1984,63
Police Station,5681-1,2011,60
Police Station,7498-1,2011,785
Police Station,60047-1,2014,852
Police Station,60141-1,2017,893
Police Units,445-1,1976,49
Police Units,540-2,1979,44
Policemen,192-1,1977,86
Policemen,6308-1,1982,20
Power Pack,960-1,1978,22
Power Pack,8720-1,1991,57
Power Pack,8546-1,2001,10
Precision Shooting,3414-1,2000,22
Precision Shooting,3419-1,2001,23
Princess Leia Key Chain,851938-1,2007,0
Princess Leia Key Chain,850997-1,2014,0
Promo Basic Set,1910-1,1982,88
Promo Basic Set,1920-1,1982,119
Prop Plane,8855-1,1988,570
Prop Plane,2075-1,1999,14
Pteranodon,4076-1,2001,17
Pteranodon,7209-1,2004,28
Push-Along Passenger Steam Train,7710-1,1980,432
Push-Along Passenger Steam Train,7715-1,1985,448
Quad Bike,8282-1,2006,200
Quad Bike,8262-1,2009,307
Quad Bike,9392-1,2012,198
Quad Bike,42034-1,2015,148
R2-D2,10225-1,2012,2130
R2-D2,30611-1,2017,70
Race Car,6609-1,1980,17
Race Car,1612-1,1988,30
Race Car,1517-1,1989,32
Race Car,30150-1,2012,35
Race Car,42011-1,2013,157
Race Car,60053-1,2014,99
Race Truck,8041-1,2010,607
Race Truck,42041-1,2015,608
Racer,2187-1,1997,64
Racer,1995-1,1999,15
Racer,3521-1,1999,35
Racer,4016-1,2001,21
Racer,30473-1,2016,30
Racing Car,695-1,1976,67
Racing Car,1825-1,1997,19
Racing Car,3330-1,1998,17
Racing Car,4308-1,2004,28
Racing Car,30030-1,2010,29
Racing Car,30035-1,2010,30
Racing Truck,5563-1,1999,788
Racing Truck,30033-1,2010,40
Radical Racer,6589-1,1998,83
Radical Racer,2912-1,2000,16
Radio Control Racer,5600-1,1998,297
Radio Control Racer,5599-1,1998,294
Railway Station,7822-1,1980,382
Railway Station,7824-1,1983,478
Rally Car,619-1,1977,22
Rally Car,1496-1,1987,52
Rally Car,10589-1,2015,13
Rally Car,60113-1,2016,104
Rapid River Village,6766-1,1997,354
Rapid River Village,6763-1,2002,354
Rebel Trooper Battle Pack,8083-1,2010,79
Rebel Trooper Battle Pack,75164-1,2017,119
Recycle Truck,6668-1,1992,108
Recycle Truck,6564-1,1997,35
Red Beard Runner,6289-1,1996,711
Red Beard Runner,6290-1,2001,712
Red Cross Helicopter,626-2,1978,36
Red Cross Helicopter,6691-1,1981,107
Red Four Wheel Driver,1273-1,2000,20
Red Four Wheel Driver,6619-1,2000,20
Red Four Wheel Driver,1283-1,2000,20
Red/Black Plates,1329-1,1985,28
Red/Black Plates,1330-1,1985,20
Red/Black Plates,1328-1,1985,32
Red/Black Plates,1327-1,1985,48
Red/Blue Beams,1332-1,1985,18
Red/Blue Beams,1333-1,1985,20
Reindeer,10070-1,2002,26
Reindeer,30027-1,2011,66
Reindeer,40092-1,2014,139
Reindeer,30474-1,2016,77
Replacement 4.5V Motor,104-1,1970,1
Replacement 4.5V Motor,1101-1,1977,1
Replacement 4.5V Motor,5000-1,1987,1
Republic Attack Cruiser - Mini,20007-1,2009,84
Republic Attack Cruiser - Mini,30053-1,2011,41
Republic Fighter Tank,7679-1,2008,595
Republic Fighter Tank,75182-1,2017,302
Republic Frigate,7964-1,2011,1030
Republic Frigate,30242-1,2013,45
Republic Gunship,7163-1,2002,697
Republic Gunship,75021-1,2013,1173
Republic Gunship,75076-1,2015,105
Republic Gunship - Mini,4490-1,2003,102
Republic Gunship - Mini,20010-1,2009,94
Rescue Helicopter,691-1,1974,62
Rescue Helicopter,480-1,1975,62
Rescue Helicopter,6626-1,1981,36
Rescue Helicopter,610-2,1987,35
Rescue Helicopter,6482-1,1989,198
Rescue Helicopter,7903-1,2006,248
Rescue Helicopter,8068-1,2011,407
Resistance X-Wing Fighter,75125-1,2016,87
Resistance X-Wing Fighter,75149-1,2016,738
Riding Stables,5855-1,1997,159
Riding Stables,5871-1,2002,159
Ring of Fire,8494-1,2008,268
Ring of Fire,70100-1,2013,78
River Raft,5902-1,1999,19
River Raft,5901-1,1999,19
Road Construction Set,780-1,1976,159
Road Construction Set,6187-1,2008,296
Road Signs,6306-1,1980,12
Road Signs,6315-1,1988,11
Road Signs,6427-1,1999,43
Road Signs,9301-1,1999,172
Roadster,121-1,1979,23
Roadster,8832-1,1988,86
Robin,41587-1,2017,101
Robin,NEX271714-1,2017,19
Robo Pod,4346-1,2004,50
Robo Pod,4416-1,2006,64
Rocka,6202-2,2012,55
Rocka,44002-1,2013,43
Roof Tiles,633-1,1996,50
Roof Tiles,970686-1,2002,180
Roof Tiles,6119-1,2008,150
Rover,7301-1,2001,29
Rover,1413-1,2001,29
Rover,7309-1,2001,29
Rubber Bands and String,1324-1,1985,101
Rubber Bands and String,9940-1,1999,36
Sabah Promotional Set: Helicopter,1779-1,1997,10
Sabah Promotional Set: Helicopter,2138-1,1997,8
Sandcrawler,10144-1,2005,1679
Sandcrawler,75059-1,2014,3294
Santa,1627-1,1989,36
Santa,1127-1,1999,39
Santa,30182-1,2012,57
Santa,40206-1,2016,155
Santa Claus,1555-1,1986,19
Santa Claus,2878-1,1997,16
Santa Claus,10068-1,2002,39
Santa Claus,40001-1,2009,42
Scooter,212-2,1976,41
Scooter,199-1,1977,41
Scooter,1557-1,1986,26
Scorpion,7269-1,2005,37
Scorpion,BIO601601-1,2016,19
Scorpion Detector,6938-1,1996,196
Scorpion Detector,1737-1,1996,195
Scuderia Ferrari Truck,8654-1,2005,831
Scuderia Ferrari Truck,30191-1,2012,40
Sea Jet,5521-1,1993,400
Sea Jet,8072-1,2010,24
Sea Plane,712-1,1977,115
Sea Plane,7214-1,2004,119
Sea Plane,31028-1,2015,53
Seaplane,371-3,1977,115
Seaplane,2186-1,1997,77
Seaplane,3178-1,2010,101
Seaplane,30225-1,2013,37
Service Station,217-1,1977,210
Service Station,344-2,1979,84
Service Station,134-2,1979,84
Service Station,3670-1,1984,54
Service Station,7993-1,2007,393
Service Station,60132-1,2016,513
Service Truck,6607-1,1982,25
Service Truck,42008-1,2013,1275
Service Truck,60073-1,2015,232
Shark,7608-1,2006,27
Shark,7805-1,2009,44
Shark Attack,6599-1,1997,58
Shark Attack,7882-1,2006,11
Shell Service Station,325-3,1966,101
Shell Service Station,648-1,1971,42
Shell Service Station,377-1,1978,190
Shell Service Station,6371-1,1983,266
Shell Service Station,6378-1,1986,290
Shell Station,690-1,1974,73
Shell Station,1470-1,1987,32
Shell Station,40195-1,2014,79
Shell Tanker,6695-1,1984,106
Shell Tanker,1468-1,1987,39
Shell Tanker,1252-1,1999,106
Shell Tanker,40196-1,2014,93
Shell Tanker Wagon,7816-1,1980,111
Shell Tanker Wagon,7813-1,1986,120
Sheriff's Lock-Up,6755-1,1996,177
Sheriff's Lock-Up,6764-1,2002,176
Ship,1609-1,1987,31
Ship,2722-1,2000,12
Ship,4018-1,2001,12
Shipwreck Island,6260-1,1989,78
Shipwreck Island,6296-1,1996,226
Shipwrecked Pirate,1733-1,1994,23
Shipwrecked Pirate,1713-1,1994,23
Shock Absorbers,1267-1,1985,4
Shock Absorbers,5251-1,1989,4
Silja Line Ferry,1580-2,1977,413
Silja Line Ferry,1581-1,1981,181
Silja Line Ferry,1554-1,1986,175
Silja Line Ferry,1998-1,1991,375
Sith Infiltrator,7151-1,1999,244
Sith Infiltrator,7663-1,2007,310
Sith Infiltrator,75096-1,2015,659
Skrall,8978-1,2009,50
Skrall,7136-1,2010,21
Skull Island,6279-1,1995,386
Skull Island,7074-1,2004,81
Slave I,7144-1,2000,166
Slave I,20019-1,2011,76
Slave I,75060-1,2015,1994
Small Blue Bucket,7832-1,2002,200
Small Blue Bucket,7830-1,2002,200
Small Bucket,1617-1,1988,155
Small Bucket,1636-1,1990,185
Small Bucket,1878-1,1991,406
Small Bucket,1881-1,1991,288
Small Bucket,1884-1,1992,193
Small Bucket,1699-1,1993,183
Small Bucket,4285-1,1999,256
Small Car,7424-2,2003,28
Small Car,3177-1,2010,43
Small Cottage,326-1,1965,63
Small Cottage,31009-1,2013,271
Small Freestyle Bucket,1766-1,1995,109
Small Freestyle Bucket,4133-1,1995,135
Small House - Left Set,1212-2,1955,21
Small House - Left Set,212-1,1958,21
Small House - Right Set,1213-2,1955,23
Small House - Right Set,213-2,1958,21
Small House Set,1211-2,1955,19
Small House Set,211-2,1958,19
Small Store Set,1210-2,1955,30
Small Store Set,210-2,1958,30
Small Train Set,114-2,1966,88
Small Train Set,118-2,1968,117
Snail,1605-1,1987,14
Snail,30218-1,2015,6
Snow Scooter,8620-1,1986,101
Snow Scooter,1730-1,1994,24
Snow Scooter,6626-2,2000,20
Snow Scooter,6577-1,2000,20
Snowman,1625-1,1989,40
Snowman,1979-1,1991,42
Snowman,10079-1,2003,42
Snowman,7220-1,2004,19
Snowman,30008-1,2009,44
Snowman,40003-1,2009,44
Snowman,40093-1,2014,140
Snowman,30197-1,2014,60
Snowmobile,1710-1,1994,24
Snowmobile,2709-1,1996,8
Snowmobile,6570-1,1998,43
Snowmobile,8272-1,2007,331
Snowmobile,42021-1,2014,185
Snowspeeder,7130-1,1999,217
Snowspeeder,75049-1,2014,278
Snowspeeder,75074-1,2015,97
Snowspeeder,SW911506-1,2015,19
Snowspeeder,75144-1,2017,1702
Sopwith Camel,3451-1,2001,575
Sopwith Camel,10226-1,2012,877
Space Accessories,5057-1,1993,27
Space Accessories,5129-1,1996,22
Space Accessories,5384-1,1998,19
Space Cruiser,924-1,1979,172
Space Cruiser,487-1,1979,172
Space Elements,5175-1,1987,26
Space Elements,5056-1,1993,37
Space Mini-Figures,0015-1,1979,18
Space Mini-Figures,0014-1,1979,12
Space Mini-Figures,0013-1,1979,12
Space Mini-Figures,0012-1,1979,12
Space Plane,6901-2,1998,20
Space Plane,6902-1,1998,20
Space Police Collection,K5974-1,2009,8
Space Police Collection,2853300-1,2009,5
Space Probe,6802-1,1986,26
Space Probe,1266-1,1999,23
Space Shuttle,442-1,1979,39
Space Shuttle,1682-1,1990,419
Space Shuttle,8480-1,1996,1355
Space Shuttle,3367-1,2011,230
Space Value Pack,1977-1,1983,3
Space Value Pack,1983-1,1984,3
Space Value Pack,1969-2,1985,3
Space Value Pack,1999-1,1985,3
Space Value Pack,1507-1,1986,2
Space Value Pack,1510-1,1987,2
Speedboat,2188-1,1997,58
Speedboat,2882-1,1997,22
Speedboat,1069-1,1999,22
Speedboat,7244-1,2005,107
Speedboat,7610-1,2006,18
Spirit of St. Louis,661-1,1976,49
Spirit of St. Louis,456-1,1977,49
Sports Car,8402-1,2009,68
Sports Car,30349-1,2016,47
Spy Runner,8213-1,1998,92
Spy Runner,3439-1,2000,105
Star Destroyer,30056-1,2012,38
Star Destroyer,75033-1,2014,97
Star Wars Magnet Set,852554-1,2008,21
Star Wars Magnet Set,852715-1,2009,19
Star Wars Magnet Set,852845-1,2010,19
Star Wars Magnet Set,852843-1,2010,14
Star Wars Magnet Set,852844-1,2010,16
Star Wars Magnet Set,853037-1,2010,20
Star Wars Magnet Set,853130-1,2011,0
Starter Train Set with Motor,115-2,1966,132
Starter Train Set with Motor,116-1,1967,364
Stegosaurus,7798-1,2008,48
Stegosaurus,4998-1,2008,730
Stena Line Ferry,1548-1,1992,173
Stena Line Ferry,2998-1,1998,195
Stena Line Ferry,1054-1,1999,211
Storage Cabinet,759-1,1985,1
Storage Cabinet,760-1,1985,5
Storage Case,781-1,1982,1
Storage Case,782-1,1984,1
Storage Case,783-1,1985,1
Storage Cloth,786-1,1980,1
Storage Cloth,789-1,1987,1
Storage Tray,757-1,1987,1
Storage Tray,758-1,1987,1
Stormtrooper,2853590-1,2009,5
Stormtrooper,4591726-1,2009,1
Straight Road Plates,553-1,1979,2
Straight Road Plates,6312-1,1986,2
Straight Road Plates,6322-1,1997,2
Straight Road Plates,4110-1,2002,2
Straight Track,150-1,1966,25
Straight Track,156-2,1976,25
Strategic Pursuer,6848-3,1988,62
Strategic Pursuer,6848-1,1988,62
Street Sweeper,605-1,1978,18
Street Sweeper,6645-1,1991,65
Street Sweeper,6649-1,1995,63
Street Sweeper,7242-1,2005,64
Street Sweeper,4933-1,2007,14
Stunt Truck,60146-1,2017,90
Stunt Truck,42059-1,2017,141
Super Soarer,6912-1,2012,130
Super Soarer,31042-1,2016,100
Supplementary Set,1077-1,1976,170
Supplementary Set,871-1,1977,78
Supplementary Set,870-1,1977,22
Supplementary Set,872-1,1978,77
Supplementary Set,875-1,1979,38
Supplementary Set,879-1,1979,87
Supplementary Set,878-1,1979,52
Supplementary Set,874-1,1979,38
Supplementary Set,877-1,1979,30
Supplementary Set,876-1,1979,38
Supplementary Set,880-1,1979,22
Supplementary Set,8710-1,1980,124
Surge,6217-1,2012,39
Surge,44008-1,2013,66
Surveillance Scooter,1954-1,1995,23
Surveillance Scooter,1714-1,1995,23
Swiss Villa,540-3,1973,150
Swiss Villa,356-1,1973,150
Sydney Opera House,21012-1,2012,270
Sydney Opera House,10234-1,2013,2988
T-16 Skyhopper,4477-1,2003,98
T-16 Skyhopper,75081-1,2015,246
T-Junction Road Plates,300-1,1978,2
T-Junction Road Plates,4108-1,2002,2
T-Rex,4078-1,2001,18
T-Rex,6914-1,2012,191
T-Road Plates,6310-1,1986,2
T-Road Plates,6320-1,1997,2
Tahu,8534-1,2001,33
Tahu,7116-1,2010,19
Takanuva,8596-1,2003,200
Takanuva,8699-1,2008,267
Takanuva,7135-1,2010,21
Takutanuva,10201-1,2003,3
Takutanuva,3287-1,2004,2
Tanker,312-3,1973,111
Tanker,10016-1,2001,128
Tanker Truck,4654-1,2003,43
Tanker Truck,60016-1,2013,190
Target Practice,3424-1,2002,36
Target Practice,30062-1,2010,31
Target Practice,70101-1,2013,101
Taxi,605-2,1971,18
Taxi,608-2,1979,25
Taxi Station,368-1,1976,157
Taxi Station,128-1,1979,33
TECHNIC Bulldozer Chainlinks,1230-1,1982,54
TECHNIC Bulldozer Chainlinks,5244-1,1987,54
TECHNIC Chainlinks,1229-1,1982,70
TECHNIC Chainlinks,5243-1,1987,70
TECHNIC Chainlinks,1317-1,1987,350
TECHNIC Chainlinks,5278-1,1994,35
Technology Resource Set,9609-1,1995,1730
Technology Resource Set,9649-1,2003,1154
Telehandler,8283-1,2006,324
Telehandler,42061-1,2017,259
Temperature Sensor,9889-1,1995,1
Temperature Sensor,9755-1,1999,1
Thanksgiving Feast,40056-1,2013,46
Thanksgiving Feast,40123-1,2015,158
The Batmobile,30446-1,2016,63
The Batmobile,70905-1,2017,580
The Ghost,75053-1,2014,927
The Ghost,75127-1,2016,104
The Ghost,SW911720-1,2017,50
The Hulk,4530-1,2012,39
The Hulk,5003084-1,2015,14
The Hulk,41592-1,2017,93
The Joker,4527-1,2012,57
The Joker,41588-1,2017,151
The Mine,4204-1,2012,751
The Mine,21118-1,2014,921
The Phantom,75048-1,2014,233
The Phantom,5002939-1,2015,23
The Phantom,75170-1,2017,267
TIE Advanced Prototype,30275-1,2015,47
TIE Advanced Prototype,75082-1,2015,354
TIE Advanced Prototype,75128-1,2016,93
TIE Bomber,4479-1,2003,229
TIE Bomber,911613-1,2016,26
TIE Fighter,7146-1,2001,171
TIE Fighter,7263-1,2005,159
TIE Fighter,9492-1,2012,413
TIE Fighter,TRUTIE-1,2014,12
TIE Fighter - Mini,3219-1,2003,12
TIE Fighter - Mini,8028-1,2008,44
TIE Interceptor,6206-1,2006,212
TIE Interceptor,75031-1,2014,92
Time Tunnelator,6499-1,1997,82
Time Tunnelator,6495-1,1997,81
Tipper Truck,371-1,1971,47
Tipper Truck,612-1,1974,23
Tipper Truck,435-1,1976,23
Tipper Truck,622-1,1978,32
Tipper Truck,6527-1,1989,43
Tipper Truck,5642-1,2009,23
Tipper Truck,4434-1,2012,221
Toggle Joints & Connectors,1232-1,1982,46
Toggle Joints & Connectors,5286-1,1994,64
Toggle Joints & Connectors,5289-1,1996,64
Touch Sensor,9867-1,1992,1
Touch Sensor,9888-1,2002,1
Tow Truck,332-1,1967,56
Tow Truck,601-2,1970,21
Tow Truck,372-2,1971,53
Tow Truck,8846-1,1982,379
Tow Truck,2636-1,1984,2
Tow Truck,6656-1,1985,53
Tow Truck,393-2,1986,29
Tow Truck,2617-1,1989,4
Tow Truck,8462-1,1998,784
Tow Truck,4652-1,2003,26
Tow Truck,8285-1,2006,1877
Tow Truck,20008-1,2009,79
Tow Truck,7638-1,2009,128
Tow Truck,60056-1,2014,226
Tow Truck and Car,651-1,1972,41
Tow Truck and Car,642-1,1978,43
Town Accessories,5048-1,1993,36
Town Accessories,5137-1,1994,44
Town Accessories,5133-1,1996,47
Town Hall,140-1,1979,135
Town Hall,10224-1,2012,2771
Town House,322-2,1964,171
Town House,6372-1,1982,234
Town House with Garden,376-2,1978,244
Town House with Garden,560-1,1979,244
Town Mini-Figures,0011-2,1978,12
Town Mini-Figures,6301-1,1986,34
Town Mini-Figures,6309-1,1988,41
Town Square,1589-1,1978,441
Town Square,60026-1,2013,916
Town Value Pack,1978-2,1983,3
Town Value Pack,1979-2,1984,3
Town Value Pack,1997-1,1985,3
Town Value Pack,1967-2,1985,3
Town Value Pack,1506-1,1986,2
Town Value Pack,1509-1,1987,2
Town Value Pack,1515-1,1989,2
Track Racer,8360-1,2003,23
Track Racer,7613-1,2008,34
Tractor,378-1,1972,36
Tractor,851-1,1977,324
Tractor,625-1,1978,31
Tractor,952-1,1978,322
Tractor,8859-1,1981,614
Tractor,6608-1,1982,21
Tractor,8849-1,1986,347
Tractor,6504-1,1988,25
Tractor,7634-1,2009,77
Tractor,8260-1,2009,104
Tractor,9393-1,2012,353
Tractor,30284-1,2015,51
Tractor / Dune Buggy,8284-1,2006,872
Tractor / Dune Buggy,8284-2,2006,872
Trade Federation MTT,7184-1,2000,466
Trade Federation MTT,7662-1,2007,1326
Traffic Police Set,1271-2,1956,6
Traffic Police Set,271-2,1958,6
Train Station,2150-1,1996,609
Train Station,4556-1,1999,232
Train Station,7997-1,2007,386
Train Station,7937-1,2010,367
Train Station,60050-1,2014,422
Transparent Bricks,5176-1,1987,19
Transparent Bricks,16-1,1988,32
Transparent Bricks,5156-1,1991,17
Transparent Bricks,10051-1,2002,50
Transparent Windows and Bricks,5049-1,1993,8
Transparent Windows and Bricks,5396-1,1996,8
Transport Truck,335-2,1967,99
Transport Truck,694-1,1975,64
Transport Truck,5765-1,2011,276
Treasure Cart,1463-1,1992,24
Treasure Cart,6028-1,1998,23
Treasure Cart,2889-1,1998,24
Treasure Chest,1695-1,1992,24
Treasure Chest,1788-1,1995,165
Treasure Island,7071-1,2004,30
Treasure Island,70411-1,2015,181
Trees and Flowers,6305-1,1980,24
Trees and Flowers,6317-1,1988,48
Trike Buggy,3000-1,1999,30
Trike Buggy,1257-1,1999,30
Truck,317-1,1963,125
Truck,21-2,1971,33
Truck,6367-1,1984,154
Truck,8436-1,2004,1037
Truck,30024-1,2011,56
Truck,10529-1,2014,16
Truck,53850012-1,2016,66
Truck with Trailer,319-1,1965,74
Truck with Trailer,685-1,1972,50
Turbo Force,1693-1,1992,26
Turbo Force,1461-1,1992,31
Turbo Racer,6502-1,1987,24
Turbo Racer,8307-1,2000,392
Turkey,10090-1,2003,54
Turkey,40033-1,2012,52
Turkey,40091-1,2014,125
Turtle,53850013-1,2016,50
Turtle,30476-1,2017,33
Two Crater Plates,453-1,1979,2
Two Crater Plates,305-1,1979,2
Two Lunar Landing Plates,306-1,1979,2
Two Lunar Landing Plates,454-1,1979,2
U-wing,75160,2017,107
U-wing,75160-1,2017,108
U.S.S. Constellation,398-1,1978,973
U.S.S. Constellation,10021-1,2003,974
Universal Building Set,50-1,1976,390
Universal Building Set,910-1,1976,318
Universal Building Set,911-1,1976,401
Universal Building Set,20-1,1976,217
Universal Building Set,40-1,1976,293
Universal Building Set,912-1,1976,471
Universal Building Set,30-1,1976,200
Universal Building Set,10-2,1976,129
Universal Building Set,112-1,1977,200
Universal Building Set,114-1,1977,390
Universal Building Set,402-1,1977,401
Universal Building Set,110-1,1977,129
Universal Building Set,404-1,1977,471
Universal Building Set,113-1,1977,293
Universal Building Set,111-1,1977,173
Universal Building Set,400-1,1977,317
Universal Building Set,9-1,1978,116
Universal Building Set,8-2,1979,93
Universal Building Set,7-2,1979,64
Universal Building Set,744-1,1980,540
Universal Building Set,733-1,1980,504
Universal Building Set,722-1,1980,302
Universal Building Set,8030-1,1982,141
Universal Building Set,8050-1,1982,141
Universal Building Set,710-3,1983,364
Universal Building Set,8020-1,1984,119
Universal Building Set,8040-1,1984,162
Universal Building Set,8035-1,1986,174
Universal Building Set,8024-1,1989,114
Universal Building Set,8054-1,1989,196
Universal Building Set,8034-1,1989,187
Universal Building Set,8082-1,1993,456
Universal Pneumatic Set,8044-1,1989,198
Universal Pneumatic Set,8042-1,1993,230
Vakama,1417-1,2001,28
Vakama,8540-1,2001,26
Viking Line Ferry,1656-2,1982,171
Viking Line Ferry,1658-1,1982,201
Viking Line Ferry,1655-1,1985,175
Viking Line Ferry,1923-1,1989,184
Viking Line Ferry,1924-2,1992,232
Vintage Car,603-3,1970,36
Vintage Car,610-1,1973,39
Vulture Droid,75041-1,2014,204
Vulture Droid,75073-1,2015,77
VW Auto Showroom,1307-1,1957,51
VW Auto Showroom,307-2,1958,51
VW Garage,1306-1,1957,45
VW Garage,306-2,1958,45
Wheels,5148-1,1987,40
Wheels,6118-1,2008,106
Wheels and Bearings,5174-1,1987,28
Wheels and Bearings,5124-1,1994,28
Wheels and Tires,936-1,1973,20
Wheels and Tires,808-1,1986,40
Wheels and Tires,632-1,1996,60
Wheels Set,9241-1,2007,360
Wheels Set,9387-1,2011,286
White Turntables,402-2,1964,5
White Turntables,402-3,1966,5
Wild West Accessories,5392-1,1997,37
Wild West Accessories,5317-1,1999,48
Windmill,362-1,1975,211
Windmill,550-2,1976,211
Windows and Doors,1214-2,1955,24
Windows and Doors,10044-1,2002,44
Windup Motor,890-1,1981,10
Windup Motor,895-1,1986,10
Winter Fun,40124-1,2015,107
Winter Fun,561512-1,2015,24
Winter Toy Shop,10199-1,2009,815
Winter Toy Shop,10249-1,2015,895
Wizard,7955-1,2010,19
Wizard,71007-1,2014,11
Wookiee Gunship,75084-1,2015,568
Wookiee Gunship,75129-1,2016,84
Worker Robot,7302-1,2001,30
Worker Robot,1416-1,2001,30
Worriz,LOC391412-1,2014,9
Worriz,LOC391404-1,2014,18
X-Wing,TRUXWING-1,2014,23
X-Wing,SWCOMIC1-1,2015,23
X-wing Fighter,7140-1,1999,271
X-wing Fighter,6212-1,2006,437
XL Bucket,1885-1,1992,465
XL Bucket,1880-1,1992,576
XXL 250 Canister,3599-1,2005,250
XXL 250 Canister,5490-1,2006,250
Z-95 Headhunter,75004-1,2013,371
Z-95 Headhunter,30240-1,2013,54
Zane foil pack,891507-1,2015,9
Zane foil pack,NIN891507-1,2015,9
Zo Weevil,6942-1,1999,20
Zo Weevil,6943-1,1999,20
